seq_id,model,dataset,reference,n_motifs,sd_arrange,sd_null,sd_full,var_arrange,var_null,var_full,sf_gsi,gsi_naive,arrangement_share,spacer_share,p_perm,p_gpd,z_submitted
peak25640,PARM-K562,agarwal,3.1448044776916504,2,0.17158331212549394,0.43069483581893114,0.671318506404867,0.029440832999954675,0.18549804160109606,0.4506685370416615,0.054560883941325196,0.22380188029277145,0.06532702103682257,0.41160637221042107,1.0,,0.21628156209916544
peak19104,PARM-K562,agarwal,2.3350586891174316,4,0.1471184066247306,0.19958468472989818,0.4489806707902592,0.021643825567799577,0.039834046378732856,0.20158364274327115,0.06300415801554696,0.2109172892465206,0.10736895748711262,0.19760554892573254,0.9938012397520496,,0.4596050233595729
peak3424,PARM-K562,agarwal,1.7275316715240479,8,0.20482505648366253,0.3662809956011554,0.4238883392804312,0.041953303763535545,0.1341617677385736,0.17968132417792196,0.11856515273202695,0.2286754651544729,0.2334872806368737,0.7466650657901736,0.5458908218356329,,0.2975691606098321
peak49612,PARM-K562,agarwal,2.5052707195281982,9,0.09571587926240227,0.21598972894152674,0.6349999002223418,0.00916152954297477,0.04665156300823419,0.403224873282384,0.03820580287643638,0.3187187052883168,0.022720645848052192,0.1156961440113429,1.0,,0.8077458933732282
peak63082,PARM-K562,agarwal,2.7889788150787354,9,0.25034883235531735,0.6878237553868621,0.7293502874689171,0.06267453786167079,0.47310151847448595,0.531951841830992,0.08976361921495979,0.21720411598946474,0.11781994709510435,0.88936907680601,1.0,,0.7800420379685518
peak86981,PARM-K562,agarwal,1.9870569705963135,7,0.10365772968874355,0.6372969722622259,0.43669208258491127,0.010744924924224627,0.4061474308546003,0.19069997499234695,0.05216646086278844,0.20100842243436218,0.056344658276204995,2.129771809728342,1.0,,0.4246686138847802
peak1338,PARM-K562,agarwal,3.9452221393585205,5,0.05741848883757677,0.2792001330566364,0.2594802212015504,0.0032968828603909283,0.07795271429884346,0.06732998519480551,0.014553930503622494,0.1280952803780229,0.048966041665568075,1.1577711486688027,1.0,,7.397638150893725
ENSG00000167085,PARM-K562,agarwal,2.7562766075134277,8,0.11340397324256249,0.5072021443409569,0.4903599157477508,0.01286046114719983,0.2572540152240649,0.24045284697214123,0.04114390149864885,0.19594835099878033,0.05348433719601514,1.0698730269301833,1.0,,0.5175399713118126
peak66911,PARM-K562,agarwal,2.7953591346740723,17,0.5316105443111044,0.6391399985560472,0.8728543295659353,0.28260977082274874,0.40849993775422394,0.7618746806419984,0.19017611644848206,0.27072352737788813,0.3709399695296422,0.5361773374723504,0.6286742651469706,,0.4912558701167982
peak57010,PARM-K562,agarwal,2.3917832374572754,8,0.08271836863815003,0.4259764980292205,0.3519414025932292,0.006842328510156884,0.1814559768732385,0.12386275085928944,0.03458439182226589,0.14686283994791574,0.05524121225056519,1.46497615800069,1.0,,0.013104306849186807
ENSG00000153406,PARM-K562,agarwal,2.115884304046631,12,0.42814978846808954,0.5225656992408598,0.8162343520987292,0.18331224136526983,0.27307491002308876,0.6662385175460322,0.2023502833539871,0.33170284381668697,0.27514506672545286,0.40987559684917385,0.8862227554489103,,0.4224955518618116
GATA1_5988,PARM-K562,agarwal,2.3672523498535156,15,0.43765160330607683,0.33339077414553075,0.30107394944010063,0.19153892587637963,0.1111494082853563,0.09064552303146027,0.18487746071227196,0.1590808857958335,2.113054450685914,1.2261985431622449,0.01999600079984003,,1.5765837135142116
peak62300,PARM-K562,agarwal,2.4600977897644043,14,0.269079321033812,0.5681638599429598,0.7153397506918733,0.07240368100801725,0.32281017174528326,0.5117109589199115,0.10937748985156434,0.26493005347925924,0.14149331716647726,0.6308447495958489,1.0,,0.33551915267913157
ENSG00000118017,PARM-K562,agarwal,2.2603862285614014,3,0.0824524744687133,0.19091112472278407,0.30546012312836573,0.00679841054601382,0.03644705754291842,0.09330588682159635,0.03647716192342461,0.14075127549880376,0.07286153936902806,0.3906190572156104,1.0,,0.29520748495946114
peak42672,PARM-K562,agarwal,3.000056743621826,3,0.2728164720803849,0.46811498484671854,0.6098460767979211,0.07442882743838744,0.21913163903804353,0.3719122373858159,0.09093710399324864,0.2285941500932009,0.2001247067360576,0.5892025510597002,0.9918016396720656,,0.5448019893626219
peak16263,PARM-K562,agarwal,4.611842155456543,12,0.36142549730898693,0.6238724131602313,0.9293849499413755,0.1306283901050485,0.3892167879023704,0.8637563851775332,0.07836900854929804,0.2404988266453149,0.1512329081980675,0.4506094479664799,1.0,,0.8042273716046368
ENSG00000137726,PARM-K562,agarwal,2.247368335723877,12,0.05794988452872911,0.33297158848626424,0.2818865960078473,0.0033581891168930375,0.11087007873906611,0.07946005300889133,0.025785663884092886,0.1342767725796438,0.04226260856530346,1.3952932894049301,1.0,,0.5252929706363147
LMO2_6313,PARM-K562,agarwal,1.745141625404358,4,0.0,0.27605701875185285,0.3297212365756002,0.0,0.07620747760216084,0.10871609384894292,0.0,0.18271874805961838,0.0,0.7009769658211633,1.0,,0.18011317409423824
ENSG00000164032,PARM-K562,agarwal,3.1119933128356934,8,0.3334446444687777,0.5805280178274741,0.5534562576753371,0.11118533092490956,0.3370127794826961,0.3063138291599892,0.1071482522450982,0.18261584110162488,0.36297848918481873,1.1002205822926547,0.9692061587682463,,0.1468589717288705
peak61267,PARM-K562,agarwal,1.983158826828003,2,0.0,0.40639864715097834,0.3916003713773618,0.0,0.16515986040614541,0.1533508508628877,0.0,0.1636457457020533,0.0,1.0770064820430392,1.0,,1.046519316234386
peak79280,PARM-K562,agarwal,1.4224190711975098,4,0.051894024045040475,0.3491476692236563,0.2858471292337754,0.002692989731587239,0.12190409492431173,0.0817085812911907,0.0364829360740726,0.1553517187369788,0.03295846885396332,1.4919374807142154,1.0,,1.4608532747596845
peak37085,PARM-K562,agarwal,1.8367153406143188,3,0.05447746779224224,0.2225028907109917,0.22251331351622092,0.0029677944970547907,0.04950753637474751,0.04951217469196802,0.029660267210498376,0.13098281413489643,0.059940701767160175,0.9999063196628029,1.0,,0.6198171297698654
peak66434,PARM-K562,agarwal,2.22340726852417,7,0.5585640953263928,0.43718637559985424,0.2613189902458555,0.31199384858779167,0.19113192701013682,0.06828761466311352,0.25121987466432577,0.1509940090352981,4.568820424127647,2.7989252216973295,0.2419516096780644,,1.885623637121514
peak53754,PARM-K562,agarwal,1.747868537902832,8,0.08166471632516054,0.27652493947465345,0.350446931737368,0.006669125892468941,0.07646604215146076,0.12281305196413549,0.04672245912907465,0.1716582403589178,0.054303071097170474,0.6226214635052859,1.0,,0.8379873878720607
peak34107,PARM-K562,agarwal,2.7934465408325195,9,0.2994124926151837,0.5075332317680099,0.4705214809921543,0.08964784073403743,0.25758998134888045,0.2213904640750502,0.10718389925799368,0.1906915918247443,0.4049309039058127,1.1635098305840255,0.966006798640272,,0.6928463613362494
peak23726,PARM-K562,agarwal,2.134162425994873,11,0.07173451181575163,0.5321162683055835,0.5774409243600132,0.00514584018544421,0.28314772299545965,0.33343802112574644,0.03361248935038835,0.2715074432452366,0.0154326737187047,0.8491764737551593,1.0,,0.012757147950564674
MYC_1174,PARM-K562,agarwal,2.2139742374420166,3,0.03327225022282181,0.2537241152939533,0.18444400913782935,0.0011070426348900662,0.06437592668169931,0.03401959250683568,0.015028291504089014,0.09440004472727868,0.03254132555137526,1.8923191589894566,1.0,,1.410287790878148
peak11520,PARM-K562,agarwal,2.527865171432495,10,0.14147047486708036,0.19874243866498315,0.2335292298085937,0.02001389525911722,0.03949855692650459,0.05453590117499497,0.05596440683065056,0.10488041668958206,0.3669856888381944,0.7242670621644539,0.9654069186162767,,1.2899515497229461
peak35359,PARM-K562,agarwal,2.375391960144043,6,0.19104894355924282,0.32945705446176676,0.2652317014847031,0.03649969883510275,0.10854195073462354,0.07034785547247065,0.08042838687879439,0.12726747203892397,0.5188459348186704,1.5429319061062132,0.9886022795440912,,1.0984453855415266
peak79073,PARM-K562,agarwal,2.363171100616455,10,0.13189983256709006,0.29808545855564156,0.46120191720375275,0.017397565831226394,0.08885494060232711,0.2127072084324172,0.05581476200884598,0.20153357722421758,0.08179114360740655,0.41773356557663965,1.0,,0.16198800831185287
peak29981,PARM-K562,agarwal,2.1500282287597656,13,0.28393597301638224,0.3706577680526093,0.2704638713715089,0.08061963677275974,0.13738718101774192,0.0731507057172641,0.13206150934128408,0.13411835319315013,1.1021033356036771,1.8781388322999806,0.6770645870825834,,0.4933089983513847
MYC_7440,PARM-K562,agarwal,1.5693786144256592,9,0.08733340348836549,0.11037490019419004,0.20305614396336966,0.00762712336486165,0.012182618592877411,0.0412317976012727,0.055648396560014704,0.11952155314230292,0.18498158723562963,0.2954665889342979,0.9002199560087982,,0.6379002381522269
peak75454,PARM-K562,agarwal,4.281859397888184,8,0.2557384372354536,0.5565713719642928,0.655877258140542,0.06540214827963202,0.3097716920902152,0.43017497774595514,0.05972602401694553,0.22481832710564068,0.15203615194525802,0.7201062546998132,1.0,,2.0804102618474754
GATA1_2095,PARM-K562,agarwal,1.699196219444275,2,0.024695516023595505,0.12897948180619284,0.14053531421706827,0.0006098685116716622,0.016635706726994028,0.01975017454209011,0.014533645815003176,0.08374325272157694,0.030879145415750913,0.8423068207089127,1.0,,0.14962371634471108
peak80259,PARM-K562,agarwal,1.6639474630355835,2,0.05613673420920937,0.303400814448234,0.28329207705464465,0.0031513329276754176,0.09205205420785174,0.08025440092193473,0.03373708332521367,0.14598872986470846,0.03926679274250381,1.147003194222244,1.0,,0.9762328157720818
peak36158,PARM-K562,agarwal,1.9286928176879883,15,0.12232385752732583,0.2639703973488748,0.38692669805365143,0.014963126120365508,0.06968037067652283,0.14971226966670154,0.06342319336988095,0.16608579724774802,0.09994589056513083,0.4654285906669471,0.9904019196160768,,1.0363379176353338
BCL11A_246,PARM-K562,agarwal,1.5769121646881104,17,0.12310648840481021,0.26389962435279096,0.42839467366184497,0.01515520748736367,0.06964301173354419,0.18352199642183864,0.07806806945975893,0.19803443924499825,0.0825797876159124,0.3794804606062843,1.0,,1.3686468835285257
peak20840,PARM-K562,agarwal,2.447463274002075,5,0.3137395828887342,0.38446796982771103,0.927202044751791,0.09843252587119691,0.14781561982344174,0.8597036317919023,0.12818970001364285,0.33310122468723397,0.11449588233799998,0.17193787993584003,0.9308138372325535,,0.3624680470817146
peak30903,PARM-K562,agarwal,2.453242540359497,9,0.13308362798243908,0.556781484371228,0.23458505816837585,0.01771125203696824,0.310005621338628,0.055030149515860285,0.0542480516267817,0.11127799868768809,0.3218463368314794,5.633377776836333,1.0,,1.4712930124968076
peak2008,PARM-K562,agarwal,1.6115095615386963,17,0.13054662891024307,0.2568863969995462,0.4614164241352877,0.017042422319828714,0.06599062096340846,0.21290511646179575,0.08100890744054598,0.22551838958586212,0.08004703035348072,0.3099531944562262,1.0,,0.9417006634599647
peak14161,PARM-K562,agarwal,1.7994945049285889,8,0.03830769533127896,0.4983348912801845,0.5326972475715468,0.0014674795215940918,0.24833766386723327,0.2837663575703018,0.021288031292320708,0.22438101502493335,0.005171435874777829,0.8751483649914659,1.0,,1.0786239359231575
peak39416,PARM-K562,agarwal,2.010254383087158,4,0.07845562811995369,0.21214044835664125,0.19341147379099882,0.006155285583696468,0.04500356982895678,0.037407998194006226,0.039027711507569986,0.09775949664127137,0.16454463967234448,1.2030467280167794,0.9998000399920016,,0.16448140194111877
peak86646,PARM-K562,agarwal,2.1005592346191406,7,0.26087445796898556,0.4190491076823342,0.4702464387988679,0.06805548282061201,0.17560215464936055,0.22113171320301744,0.12419285953451609,0.24597186361861414,0.3077599401499294,0.7941066078032103,0.9758048390321936,,0.40142714046705213
peak36582,PARM-K562,agarwal,1.977320671081543,3,0.09687555933254817,0.3813135328923854,0.3260645922216318,0.009384873995994062,0.14540001036687228,0.10631811830065903,0.048993347790957834,0.1671607122602695,0.08827163371584887,1.3675939030043103,1.0,,0.0819323731562205
ENSG00000161847,PARM-K562,agarwal,6.051202297210693,16,0.18997334155019616,0.7711559950187453,0.8935668610232665,0.03608987049974749,0.5946815686533512,0.7984617351189737,0.03139431343053339,0.17435922538529233,0.045199248645735,0.7447840547609229,1.0,,1.0366777844825008
LMO2_4214,PARM-K562,agarwal,1.9111530780792236,7,0.055238788538379165,0.262990039938014,0.23031625933213754,0.0030513237591877694,0.06916376110659819,0.05304557931274843,0.028903382555779414,0.12320585497207139,0.05752267764289353,1.3038553259795598,1.0,,0.18145380201408431
ENSG00000188549,PARM-K562,agarwal,2.1310760974884033,11,0.06932427016571314,0.4056256260303309,0.6708675715503952,0.0048058544340087855,0.1645321484924979,0.4500632985579247,0.032530171140962925,0.3075114360239657,0.01067817449102719,0.3655755735241807,1.0,,0.07531430894307964
ENSG00000089775,PARM-K562,agarwal,2.791318416595459,24,0.22929451661484737,0.5369599680309457,0.9522198973712974,0.05257597534963651,0.2883260072677943,0.9067227329498042,0.08214559659392619,0.25838746632528575,0.05798462246401745,0.3179869620449407,1.0,,0.938776705401815
peak18163,PARM-K562,agarwal,2.356032133102417,6,0.20377279452674996,0.5240914762726442,0.32423007729007997,0.04152335178924106,0.2746718755016395,0.10512514301953124,0.0864898197540381,0.17050098242250758,0.3949897293507265,2.6128085785396564,1.0,,1.4014751872061364
RBM38_8765,PARM-K562,agarwal,1.7789804935455322,4,0.0052277516536548335,0.28879344999464135,0.3495030331831495,2.732938735229085e-05,0.08340165675980742,0.12215237020422169,0.0029386222460685073,0.18211786128099047,0.0002237319448374185,0.682767404515946,1.0,,0.400920845031764
peak18708,PARM-K562,agarwal,2.0812466144561768,11,0.050352257579617796,0.4100671484162169,0.43770804107465044,0.002535349843364178,0.16815506621020765,0.1915883292214079,0.024193316270102225,0.20456262973022574,0.013233320910869349,0.8776895069421492,1.0,,0.13360434587549344
peak23090,PARM-K562,agarwal,1.8066415786743164,10,0.09111370059704055,0.24966896823081916,0.3631766774152988,0.008301706436487147,0.062334593697441786,0.13189729901841601,0.050432637924727866,0.19365904157078234,0.06294068565670954,0.4725994706588979,1.0,,0.18916163654025345
peak86280,PARM-K562,agarwal,1.648999571800232,16,0.15549682329719805,0.39217171209074453,0.4252467935780153,0.024179262055520033,0.1537986517641858,0.18083483544838316,0.0942976735448393,0.2390867195647965,0.13370909424374527,0.8504923920374043,1.0,,0.3048355755392837
peak75172,PARM-K562,agarwal,1.3997585773468018,5,0.09521424643680626,0.12008663789157627,0.39471735517080053,0.009065752724528872,0.01442080060010256,0.1558017904730319,0.06802190604702839,0.19902105585874816,0.05818773132840271,0.09255863206911408,0.9694061187762447,,1.4783638552127651
ENSG00000137504,PARM-K562,agarwal,1.6238315105438232,12,0.09364112687566904,0.666248499928711,0.7411294945283364,0.008768660642545147,0.44388706365725766,0.5492729276598275,0.05766677531975501,0.319081037572683,0.015964123117998823,0.80813570322578,1.0,,0.9429774365713867
peak63787,PARM-K562,agarwal,2.040215015411377,7,0.16693239708032256,0.4680998744930373,0.437463334773772,0.027866425194982485,0.21911749250039728,0.1913741692713893,0.0818209825039756,0.19997837118151277,0.14561225948662315,1.1449690067088674,1.0,,0.3368013218616244
peak21927,PARM-K562,agarwal,3.6108806133270264,16,0.5366203737313007,0.7346238649115756,1.104613730622881,0.28796142550352083,0.5396722228976208,1.2201714938805985,0.1486120509636192,0.35696244814324657,0.2360007809948883,0.4422921086127514,0.9818036392721455,,0.46749283549484316
peak37159,PARM-K562,agarwal,2.19635272026062,8,0.1597144423595244,0.38650651515283774,0.3214173438033317,0.02550870309821384,0.14938728625559078,0.10330910889758914,0.07271802970725605,0.143721602811521,0.24691630167385095,1.4460224064431644,1.0,,0.12456019831615626
peak53145,PARM-K562,agarwal,3.063734769821167,5,0.17069246045336375,0.5476517742565026,0.7646327610988723,0.02913591605562315,0.2999224658462952,0.5846632593456852,0.05571385034198872,0.24798298104672897,0.04983367021938416,0.5129832618214248,1.0,,0.02572927400146331
ENSG00000073598,PARM-K562,agarwal,1.6386181116104126,18,0.08299763731284508,0.48795420642324283,0.43697459510587827,0.006888607799514574,0.23809930756613668,0.19094679676794626,0.05065099471607578,0.20900419769841458,0.036076058442007584,1.2469405698148155,1.0,,1.0346767017740046
peak52474,PARM-K562,agarwal,1.932390809059143,4,0.02899155336977644,0.2543655965929849,0.21969819191951065,0.0008405101667925955,0.06470185673010513,0.048267295532702134,0.015002945177477875,0.1119159746885142,0.0174136577887015,1.340490616182716,1.0,,0.13961394676556976
peak50083,PARM-K562,agarwal,1.8964046239852905,2,0.19616389384720925,0.43751743529968307,0.22195063714803331,0.03848027324929918,0.19142150619121234,0.04926208533041795,0.10343989429585508,0.13239058777725174,0.7811336647890279,3.8857775692458345,0.9966006798640272,,0.9908559753045424
peak71087,PARM-K562,agarwal,2.1898272037506104,8,0.03461952012901792,0.2608456270611696,0.2753349861355598,0.0011985111739634773,0.06804044115693476,0.07580935459026891,0.01580924744643029,0.13864442162707905,0.01580954198121245,0.8975203855075243,1.0,,0.7406242959402373
peak55041,PARM-K562,agarwal,1.5068542957305908,6,0.13695787604278184,0.06455799841068521,0.260089030457527,0.018757459810149996,0.004167735158794035,0.06764630376433642,0.09088992640551122,0.15884993494870772,0.27728728350770665,0.06161068568230172,0.0001999600079984003,5.2551066129282835e-06,0.5016400971335138
peak86896,PARM-K562,agarwal,1.7724586725234985,5,0.1690697095504018,0.21174289979034322,0.26719564384718036,0.028584566687457222,0.044835055611623334,0.07139351209090924,0.0953871095395937,0.12897524272476613,0.4003804526531618,0.6279990197783297,0.8828234353129374,,1.1198647352225695
ENSG00000133561,PARM-K562,agarwal,2.696990489959717,6,0.07051460880805945,0.5129908295982694,0.3300492400035075,0.0049723100553536554,0.2631595912519206,0.10893250082689288,0.026145664610449804,0.12654713921436447,0.0456457899856285,2.4158041838230955,1.0,,0.2692855200066765
HBA2_4458,PARM-K562,agarwal,1.8855384588241577,6,0.1277537059281723,0.4215093391294953,0.3426955104259888,0.016321009378381927,0.1776701229733839,0.11744021286612899,0.06775449491910174,0.15810938891739026,0.13897292060417477,1.5128559344141468,1.0,,0.8226540828895081
peak50456,PARM-K562,agarwal,2.6689419746398926,8,0.27136159258553433,0.46453104245741816,0.7267168655785312,0.07363711393055752,0.21578908940657562,0.528117402716285,0.10167384497827002,0.27280334071126494,0.13943322744491496,0.40860060338231596,0.9962007598480304,,0.006957961059972981
peak400,PARM-K562,agarwal,2.195618152618408,5,0.077969938110857,0.34119754444580963,0.31735553321387433,0.006079311249010871,0.11641576433585026,0.1007145344614625,0.03551161116876043,0.1287935088162933,0.06036180658052949,1.1558983512989944,1.0,,0.8458856927785766
peak31979,PARM-K562,agarwal,2.1801788806915283,5,0.13122407097639577,0.28047487606758553,0.4185390360993465,0.017219756803618154,0.07866615610512746,0.17517492473897006,0.06018958909223676,0.18481967752018408,0.0983003522295071,0.4490720131454242,1.0,,0.20165767876816587
ENSG00000178187,PARM-K562,agarwal,4.9007086753845215,2,0.0,0.8831493959563398,0.7738530105831299,0.0,0.7799528555780478,0.5988484819885739,0.0,0.2794392402322974,0.0,1.302421028083911,1.0,,2.7542721498786324
peak48943,PARM-K562,agarwal,2.1733288764953613,9,0.12596329181230986,0.190838958339233,0.36161836676544457,0.015866750884193127,0.036419508020003516,0.13076784318210757,0.05795868870772753,0.16981457348835907,0.12133526483339682,0.27850507535928104,0.8864227154569086,,0.12123080243342992
peak59037,PARM-K562,agarwal,3.7427330017089844,9,0.4023083095328768,0.6104381444493475,0.8217674402389904,0.161851975919201,0.3726347281987624,0.6753017258369426,0.10749051811849179,0.2828623735806054,0.23967357068221318,0.5518047917572453,0.9784043191361728,,1.0192035600489524
peak2055,PARM-K562,agarwal,2.2035276889801025,7,0.2126593603216056,0.6915735565698873,0.46388679417540424,0.04522400353239448,0.47827398414672306,0.21519095781033387,0.09650859455278026,0.17305619646102557,0.2101575456170154,2.22255613810812,1.0,,1.0283287528214913
ENSG00000151117,PARM-K562,agarwal,2.9807443618774414,15,0.15096520091292603,0.941966393737476,1.2348300195373243,0.022790491886680125,0.8873006869307858,1.5248051771505486,0.050646812535725005,0.2895317820117213,0.014946494298549952,0.5819108566964026,1.0,,1.0399618352500737
peak19141,PARM-K562,agarwal,2.0716962814331055,12,0.13071751154436362,0.49950611098957826,0.3237591253592856,0.01708706782435084,0.24950635491593287,0.10481997125340961,0.06309685097949742,0.1568846543545213,0.16301347558130555,2.3803322204003834,1.0,,0.02477179300554358
peak42994,PARM-K562,agarwal,2.2833046913146973,10,0.052706077021988935,0.28552287943160104,0.49099328297791744,0.00277793055504783,0.08152331467891258,0.2410744039294333,0.023083242995327734,0.18612176669664446,0.011523125266591881,0.3381666130875341,1.0,,0.7224480409955747
peak29802,PARM-K562,agarwal,2.1180367469787598,13,0.14019042560249573,0.1491881680803896,0.5034980409090444,0.01965335543060889,0.022257109495182573,0.2535102771992457,0.06618885427859934,0.2609305960872533,0.07752488635860072,0.08779568915736564,0.6482703459308138,,0.3742067436785688
peak56929,PARM-K562,agarwal,1.889574646949768,4,0.10786534585623545,0.2782552774171508,0.24724975211957106,0.01163493283668529,0.07742599941049555,0.061132439923189334,0.05708445867981785,0.12224388909722947,0.19032338397263637,1.2665288594366342,1.0,,0.537995751486589
peak32385,PARM-K562,agarwal,1.6616319417953491,15,0.2090696091582894,0.435226534932272,0.472744806980276,0.04371010147359989,0.18942213670915214,0.22348765252681838,0.12582185254118022,0.23004017233232507,0.19558172892059308,0.8475731637407646,0.9708058388322336,,0.8322065442037304
peak15627,PARM-K562,agarwal,1.9171936511993408,6,0.04931252469242603,0.2703079195615127,0.5147626925160522,0.0024317250915411267,0.0730663713776732,0.26498062960637575,0.025721201747970292,0.22818046070206283,0.009176991899949114,0.2757423117539273,1.0,,0.6580738915234868
peak17875,PARM-K562,agarwal,2.389559745788574,15,0.4026645196550619,0.4085759845719736,0.7060438885146728,0.16213871538904173,0.1669343351689576,0.4984979725089198,0.16850991918688324,0.2669504554831469,0.3252545132189891,0.33487465220527163,0.5428914217156569,,0.3615783235240777
ENSG00000108010,PARM-K562,agarwal,7.954941749572754,18,0.6190066576997187,0.71044991238112,1.0603909640176534,0.3831692422765767,0.5047390780023411,1.1244289965702883,0.077814103130669,0.19057516649703582,0.3407678416736959,0.4488847935635656,0.8198360327934413,,2.2546216838516
peak79364,PARM-K562,agarwal,4.754347324371338,3,0.019906966924521034,0.4602665815226489,0.5750815403441873,0.00039628733213397445,0.21184532606654516,0.3307187780446432,0.004187108254055316,0.24245281767068885,0.0011982607533717975,0.6405603193113772,1.0,,4.1427439237256225
ENSG00000135334,PARM-K562,agarwal,1.5758492946624756,15,0.07806144399393357,0.19542030348133774,0.5524001813796728,0.006093589038418027,0.03818909501273814,0.3051459603882955,0.04953610999372451,0.24051139356091217,0.0199694239132774,0.1251502558452449,1.0,,1.3050758711971202
LMO2_3221,PARM-K562,agarwal,1.8584665060043335,9,0.03849923200943961,0.1881928116781103,0.28506329389733187,0.0014821908653166597,0.03541653436731269,0.0812610815275966,0.020715590991312618,0.14537197444100963,0.018239861412788376,0.4358363647336528,1.0,,0.35941775136826526
peak73150,PARM-K562,agarwal,3.4182522296905518,10,0.6005657822361369,0.6353012639987989,0.9259769809294797,0.36067925879290297,0.4036076960384717,0.857433369211274,0.17569381715594026,0.2849072785513426,0.42064989740798225,0.4707161052172925,0.6706658668266346,,0.18159502083332302
peak35051,PARM-K562,agarwal,5.813554286956787,28,0.3442486024560394,0.7610417398722262,0.7245024135102828,0.11850710029293623,0.5791845298277453,0.5249037471822248,0.059214825468885866,0.13698086093306594,0.22576920231395395,1.1034109261686724,0.9998000399920016,,0.7239128563741959
peak54008,PARM-K562,agarwal,2.129410743713379,16,0.08804396929578374,0.3837900378405534,0.4201117319938288,0.007751740529356912,0.14729479314565339,0.17649386735885464,0.041346635239685146,0.17885814064180575,0.04392073586101296,0.8345604034284518,1.0,,0.5223459552373517
peak1740,PARM-K562,agarwal,2.1332638263702393,2,0.07919236904067212,0.1675079009500072,0.2723465492270351,0.006271431314274004,0.02805889688067742,0.07417264287587386,0.03712263249474323,0.1252593385204001,0.084551811437663,0.3782917231038041,0.9998000399920016,,0.15053471252885225
peak20886,PARM-K562,agarwal,2.0760581493377686,2,0.05429331094315072,0.3133607914702956,0.30896461900869016,0.0029477636131696495,0.09819498563089009,0.09545913579918507,0.026152114747108348,0.18247854369492508,0.030879848099303813,1.0286599057156809,1.0,,1.2393078268444924
ENSG00000183625,PARM-K562,agarwal,1.826877236366272,5,0.04523788233839635,0.579448986383934,0.28645917461132864,0.0020464659984625925,0.33576112782136863,0.08205885871900367,0.02476240955762097,0.15631468897541712,0.02493900147295931,4.091710914127192,1.0,,0.019907813127365073
seq21687_shuffled_0,PARM-K562,agarwal,1.7976810932159424,5,0.016397254148354225,0.22121948417190188,0.2283368732212134,0.00026886994360571985,0.04893806017728235,0.05213772767244048,0.009121336487452584,0.1159228363993192,0.00515691718087365,0.9386304766624985,1.0,,0.7534941575090833
peak35023,PARM-K562,agarwal,4.437942028045654,28,0.22487567126339966,0.3512267914364828,0.961629838727818,0.05056906752616459,0.12336025902276655,0.9247319467316893,0.050671160155381444,0.3076843534151848,0.05468510924154023,0.1334011001336796,0.9986002799440112,,1.3649371139769835
MYC_9780,PARM-K562,agarwal,1.7144925594329834,4,0.02605221791093271,0.1325824807669912,0.16143287709732185,0.0006787180580787232,0.01757811420632959,0.026060573807919016,0.015195293655604254,0.09008994118185164,0.026043864693128183,0.6745098682742027,1.0,,0.47955125096318985
peak32708,PARM-K562,agarwal,3.8552708625793457,6,0.7268532960450789,0.4733276425974725,0.6217079353027996,0.528315713971595,0.22403905724688067,0.38652075681847,0.18853494915238772,0.3102892132291151,1.3668495278759873,0.5796300801307314,0.011197760447910418,,2.978296683395768
HBA2_1295,PARM-K562,agarwal,1.7214269638061523,18,0.1277726887946506,0.1724017697473329,0.3012481851328701,0.01632586000181463,0.029722370212012388,0.09075046904584798,0.07422486778767508,0.1425805631988374,0.17989835395304296,0.32751753819582324,0.937612477504499,,1.2992638889743655
peak27656,PARM-K562,agarwal,2.416501998901367,9,0.14748382116141492,0.2918199689321455,0.2066762391617189,0.021751477504372223,0.08515889426755838,0.042715067834032026,0.06103194668511204,0.10433250870594472,0.5092225907000046,1.99364998314975,0.9998000399920016,,2.1074697492806034
peak85493,PARM-K562,agarwal,2.4912095069885254,14,0.0850338729123643,0.21989154007136555,0.22882435475239457,0.007230759542476124,0.04835228939495696,0.05236058532784972,0.034133569526698174,0.09766013501253674,0.13809546813125873,0.9234482214475778,0.9996000799840032,,0.6474019238932996
ENSG00000177300,PARM-K562,agarwal,1.7951558828353882,4,0.05415832175037501,0.35687766296138324,0.2123354500560016,0.0029331238148171423,0.12736166632077867,0.04508634335048475,0.030169147018493884,0.12218504300580842,0.06505570416336738,2.8248391165971394,1.0,,0.27003123410029767
ENSG00000211750,PARM-K562,agarwal,2.3261516094207764,18,0.1426517697470061,0.4737574307448942,0.7528525537969959,0.02034952741195285,0.2244461031860032,0.5667869677586587,0.061325224533635245,0.2242674844809182,0.03590330859656922,0.3959972899051795,1.0,,1.3691773677754973
peak36403,PARM-K562,agarwal,2.1337080001831055,5,0.17076850730962387,0.30998197768746044,0.7853388313354237,0.029161883088757057,0.09608882649102923,0.6167570800032891,0.08003368187913681,0.2698708223735279,0.04728260774663753,0.15579687628477132,0.9986002799440112,,0.9885498857308385
peak67514,PARM-K562,agarwal,2.0734410285949707,5,0.049033356638523276,0.42442161215773383,0.3579973441627053,0.0024042700632406146,0.18013370486656985,0.12816209842755044,0.023648300560421453,0.154947559847254,0.018759602821264192,1.4055146340195013,1.0,,0.6620186913504421
peak54322,PARM-K562,agarwal,2.5544025897979736,5,0.13509245265965641,0.30223350288145695,0.37227144547493446,0.018249970765601507,0.09134509026399566,0.1385860291159971,0.05288612421518912,0.1531218243189152,0.13168694479532422,0.6591219248192719,1.0,,0.33091903723417404
peak41765,PARM-K562,agarwal,2.448976516723633,4,0.5045028208868262,0.6000744516711322,0.9542460502038339,0.254523096282765,0.36008934754840993,0.9105855243296179,0.20600557720405424,0.2519546957833545,0.27951586038021786,0.3954481352133412,0.7140571885622875,,1.402568076547882
peak47268,PARM-K562,agarwal,2.2589187622070312,13,0.11529800874904633,0.297471827521505,0.5033622296076182,0.013293630821495164,0.088489488168984,0.25337353419555253,0.05104123737340458,0.22249913838384697,0.05246653271700903,0.3492451903073989,1.0,,0.006738991880642191
peak27645,PARM-K562,agarwal,2.4754505157470703,23,0.12447527387308578,0.23290360561180454,0.25262077064941574,0.015494093805779712,0.05424408950697899,0.06381725376350471,0.05028388694553249,0.10706684249013614,0.24278847634525366,0.8499909712191291,0.9992001599680064,,0.4591177684831948
peak6793,PARM-K562,agarwal,3.3337721824645996,6,0.677666691215027,0.3038623334828457,0.40738481684944733,0.4592321443823228,0.09233231770964014,0.16596238899945773,0.20327324547835174,0.21732900067633015,2.767085646036484,0.5563448337077254,0.0001999600079984003,0.0,3.5820303963649165
peak28014,PARM-K562,agarwal,1.6435210704803467,6,0.04202552535777195,0.2054129053810088,0.4216233023390524,0.0017661447815967336,0.04219446169706727,0.17776620907528795,0.02557042079508557,0.23195162339531797,0.009935210919915224,0.23735929295312233,1.0,,0.4131644998162742
peak34140,PARM-K562,agarwal,1.8015226125717163,10,0.07343441024415305,0.25324827053765986,0.3913356658372266,0.005392612607906571,0.06413468653031575,0.1531436033562655,0.04076241382245194,0.18968694443447529,0.03521278388207617,0.4187878900897745,1.0,,0.6683214275297685
peak82101,PARM-K562,agarwal,2.2622857093811035,7,0.10901082818389556,0.21953619089791185,0.39360445397444294,0.011883360661338799,0.04819613911396439,0.15492446618851938,0.04818614542445118,0.17115916542545279,0.07670422208767572,0.3110944339502649,0.9946010797840432,,0.09490298309385319
peak30938,PARM-K562,agarwal,3.5182628631591797,14,0.521955000526925,0.6341452214688305,0.8111924702543718,0.2724370225750623,0.402140161911752,0.6580332237973899,0.14835588494324217,0.2994859141817786,0.41401712363834436,0.6111244043136217,0.8950209958008398,,0.9980941075516383
RBM38_2067,PARM-K562,agarwal,1.7841320037841797,10,0.20203492351935134,0.16406779652874698,0.36474413255519894,0.04081811032147015,0.026918241857798317,0.13303828223344455,0.11323989653839023,0.18475500654215413,0.30681477268209095,0.20233455668470238,0.11017796440711858,,0.5211113817788082
peak9139,PARM-K562,agarwal,2.592271327972412,17,0.25962715950282433,0.6391729630709184,0.9365480422832403,0.067406261951505,0.4085420767208577,0.87712223550457,0.10015431513717972,0.23177500371006474,0.0768493366408949,0.46577553296872165,1.0,,1.5466291060858148
peak42016,PARM-K562,agarwal,1.887389898300171,10,0.059810595794918944,0.14584958041737392,0.25516178787770954,0.0035773073693431755,0.02127210010792402,0.06510753799294923,0.031689581388978406,0.13771951824902495,0.054944595965686446,0.326722538797699,1.0,,0.13570110229647436
peak33281,PARM-K562,agarwal,2.2727160453796387,3,0.09829895158926807,0.30142965007123557,0.2862830420681595,0.009662683883549269,0.09085983394206754,0.0819579801757996,0.043251752364360165,0.13050036853306807,0.11789802363141262,1.1086148505267392,1.0,,0.2758893924270269
peak57443,PARM-K562,agarwal,2.0565104484558105,6,0.19117816217852773,0.39820077533239234,0.40315678942858507,0.03654908969395945,0.1585638574753184,0.16253539686236448,0.09296240742276768,0.22873844058482215,0.2248684926453857,0.9755650801996737,0.9974005198960207,,0.7292133941512378
peak19696,PARM-K562,agarwal,3.588836669921875,15,0.3589759982446161,0.37039906318616705,0.6251997471307006,0.12886376731571864,0.13719546600919016,0.390874723812292,0.10002572734869838,0.22101480089302147,0.32968048191727617,0.3509960037095541,0.5714857028594281,,1.2157202412993315
peak11284,PARM-K562,agarwal,2.375572443008423,2,0.03673727287893589,0.5072799818767726,0.2513253662937661,0.0013496272185813986,0.25733298001289867,0.06316443974269571,0.015464598011758311,0.12062430487994721,0.021366883393238178,4.074016662874881,1.0,,1.1619761582818637
peak40354,PARM-K562,agarwal,2.5022847652435303,2,0.0,0.5000571513786427,0.39917009734295666,0.0,0.25005715464492284,0.1593367666127855,0.0,0.18774260266192253,0.0,1.5693625517869505,1.0,,0.942276424835527
peak86119,PARM-K562,agarwal,1.24683678150177,12,0.036166865799250006,0.17535898046948578,0.30913025857299864,0.0013080421817409597,0.030750772031297495,0.09556151676540899,0.02900689676132935,0.19976026550967885,0.013687959609850395,0.3217903301680175,1.0,,0.9726303269595827
HBA2_4363,PARM-K562,agarwal,1.4365293979644775,14,0.13003671760084035,0.10240014993166219,0.22769310819675054,0.0169095479244007,0.010485790706026895,0.051844151520297144,0.0905214454957196,0.1351559171237175,0.32616114698647464,0.20225599992550125,0.08338332333533294,,1.0898025188501512
peak37570,PARM-K562,agarwal,2.0595126152038574,7,0.03939648539127061,0.31418326324152085,0.25128766452045825,0.0015520830611845983,0.09871112290109078,0.06314549034014637,0.019129033296730262,0.11459608474845069,0.024579475950285267,1.563233136196468,1.0,,0.5304651108600035
RBM38_1543,PARM-K562,agarwal,1.7174816131591797,15,0.10903317759865909,0.09900881283300607,0.2708703975036982,0.011888233817260733,0.009802745018601228,0.07337077224381147,0.06348433471616657,0.1597726056447203,0.16202955827909332,0.13360558596857416,0.2621475704859028,,0.08170761140584944
ENSG00000166803,PARM-K562,agarwal,3.0172829627990723,6,0.32581343311933175,0.49078794766759914,0.6822980510121047,0.10615439320100527,0.24087280957577406,0.4655306304149167,0.10798239248236806,0.19860122544621,0.228028804691954,0.5174155981123942,0.9318136372725455,,0.6129797179357749
peak78746,PARM-K562,agarwal,2.704113483428955,9,0.6869976308507412,0.5054328919581575,0.6887364495336655,0.4719657447945313,0.2554624082731866,0.4743578969162394,0.25405650874518504,0.2170920951775117,0.994957073262068,0.538543597427019,0.0027994401119776045,,0.6801451679228656
peak24728,PARM-K562,agarwal,1.625727653503418,5,0.05444699482931395,0.20547059489321123,0.25820126286536815,0.00296447524594334,0.042218165365770124,0.06666789214527095,0.033490846213990094,0.14057918876716916,0.04446631130145343,0.6332608397724008,1.0,,0.8170701865619133
peak15716,PARM-K562,agarwal,2.2443339824676514,7,0.16588899620409392,0.2597692797468037,0.3272742030863287,0.027519159061601888,0.06748007870017315,0.10710840400579154,0.07391457666282739,0.1499104803496609,0.2569281030470203,0.6300166576707127,0.9650069986002799,,0.18700855086680082
peak6269,PARM-K562,agarwal,2.875739574432373,3,0.07675897789168383,0.6111820895786328,0.8072010157674753,0.005891940686976007,0.373543546621704,0.6515734798560439,0.026691908604705585,0.2512058273445146,0.009042634283208933,0.5732945832973947,1.0,,0.4181928868617797
ENSG00000183647,PARM-K562,agarwal,7.878584861755371,9,0.38542895826728085,0.37671090207833285,1.0046328875459711,0.14855548187100132,0.14191110374467128,1.0092872387389558,0.04892108989499495,0.20556170704120158,0.14718850706624662,0.1406052690431128,0.4469106178764247,,2.977533304847308
ENSG00000166869,PARM-K562,agarwal,2.0252461433410645,15,0.25895308976901216,0.7682883685233332,0.7685019389275111,0.06705670270091806,0.5902670172082449,0.590595230135344,0.12786252704168355,0.36875621079471604,0.1135408809271131,0.9994442675620258,0.9998000399920016,,0.07650183727079651
peak58832,PARM-K562,agarwal,2.426762819290161,8,0.10557416916699325,0.5269687903621842,0.38666811273817914,0.011145905195300907,0.2776961060157837,0.14951222940850523,0.043504115164362936,0.15502917075956096,0.07454845158416758,1.8573471020691406,1.0,,0.17431168016918172
peak66332,PARM-K562,agarwal,5.518678188323975,6,0.34372794044256005,0.7335076976036468,0.7618155631396523,0.11814889704088412,0.538033542443803,0.5803629522417856,0.0622844689820463,0.23956490149773707,0.20357760016297868,0.9270639009011938,1.0,,3.0698790356573085
peak10279,PARM-K562,agarwal,1.9264476299285889,12,0.10243925282666078,0.16723182632463582,0.37624782844969706,0.010493800519684527,0.027966483735873158,0.14156242841311267,0.053175207690674714,0.1405051469532965,0.07412842967811441,0.19755583490176037,0.993001399720056,,1.9970208555517939
HBE1_762,PARM-K562,agarwal,2.505842924118042,3,0.11230293285206489,0.2757833432331958,0.5056886142108951,0.012611948727175396,0.0760564524048787,0.25572097454253545,0.04481642954200375,0.21233297713298172,0.049319179819868796,0.29741968777077304,1.0,,0.24572413650329608
peak60128,PARM-K562,agarwal,2.1986923217773438,9,0.17333154229918213,0.3531811558993305,0.3425218459234009,0.03004382355581316,0.1247369288823872,0.117321214934774,0.07883392350188731,0.16256420324608842,0.2560817629830747,1.0632086358101223,0.9996000799840032,,0.2677144410783204
peak57750,PARM-K562,agarwal,2.072380542755127,3,0.0927509263199854,0.30632723015684415,0.2295592031039507,0.008602734333215359,0.09383637193556416,0.05269742772972089,0.044755740756317684,0.1185437793054158,0.16324770873709063,1.7806632311702237,1.0,,0.5919497226284632
GATA1_457,PARM-K562,agarwal,2.0165348052978516,4,0.0,0.3009213674403314,0.34743024050382204,0.0,0.09055366938215893,0.12070777201654363,0.0,0.1863298123857188,0.0,0.7501892203738801,1.0,,0.4373153114971227
peak27984,PARM-K562,agarwal,4.536345958709717,4,0.7153363376743276,0.7414573262019037,0.4060411196160361,0.5117060759973197,0.5497589665784763,0.16486939081904417,0.15768998753300384,0.20948553069192669,3.1037057482607753,3.334512027049798,0.5446910617876425,,6.3985350134193215
peak76295,PARM-K562,agarwal,1.6891405582427979,3,0.2289068364873668,0.3358991705020983,0.4282285607098827,0.05239833979065408,0.11282825274399769,0.18337970020765768,0.13551674866270283,0.22570124100221137,0.28573686035760026,0.6152712247660559,0.9244151169766047,,0.4861521518858051
BCL11A_8670,PARM-K562,agarwal,1.7888619899749756,11,0.16599423663442905,0.1452585443945968,0.25158429306815144,0.02755408659584683,0.02110004471963705,0.06329465651860151,0.09279320459861252,0.1212337363446662,0.4353303756020704,0.3333621806358331,0.16176764647070585,,1.1381408774220998
peak52701,PARM-K562,agarwal,2.9353554248809814,5,0.3520441146725812,0.8432332831463818,0.7828069141559355,0.12393505867560148,0.711042369805826,0.6127866648503382,0.11993236379095569,0.24579146545559208,0.20224829583370638,1.1603424333319736,1.0,,0.3187073247021749
peak48534,PARM-K562,agarwal,3.72192120552063,9,0.3320730629926905,0.6821410527744041,0.19540589308783193,0.1102725191653474,0.46531641588017236,0.0381834630534532,0.08922087402068993,0.09537806771297548,2.887965374198155,12.186333524247758,0.999000199960008,,8.562538075112036
peak1290,PARM-K562,agarwal,1.544272780418396,16,0.08143205879845873,0.13504103783786928,0.20020299933722135,0.00663118020015564,0.018236081900328844,0.04008124094361946,0.05273165455677851,0.13705883717850387,0.16544348538218748,0.4549779765047881,0.9984003199360127,,0.4173980774782342
peak70018,PARM-K562,agarwal,1.6024366617202759,6,0.12304467047302499,0.16637525835606995,0.2807980676806022,0.015139990931815306,0.027680726593049022,0.07884755481316007,0.07678598063335117,0.15377218587107686,0.1920159853744553,0.35106639208587054,0.9824035192961408,,0.7964041112870732
ENSG00000167083,PARM-K562,agarwal,2.007432460784912,5,0.059374095544563646,0.1432511454505567,0.22101829985167606,0.003525283221734973,0.020520890672896554,0.048849088869325395,0.02957713233417985,0.11270600928330118,0.0721668162770721,0.42008748060360596,1.0,,0.21001134851865075
peak32336,PARM-K562,agarwal,6.465123653411865,17,0.432344903463304,0.7680013613625147,0.7714796824794634,0.18692211555069368,0.5898260910546759,0.5951809004786136,0.06687341598410743,0.15839185211849396,0.3140593312056563,0.9910030556766326,0.997000599880024,,2.066704550158467
peak41080,PARM-K562,agarwal,5.433484077453613,12,0.2085382749748381,0.5535440121859018,0.27529540683468073,0.04348821212948119,0.3064109734268658,0.07578756102427239,0.03838021276995606,0.14835165502759073,0.5738172800620047,4.043024597779732,1.0,,12.996181946909674
GATA1_845,PARM-K562,agarwal,2.330893039703369,9,0.18716968927669872,0.36379460329061886,0.4751865620699819,0.03503249258393595,0.13234651338337877,0.22580226877188878,0.08029956162232053,0.22103238981999287,0.1551467696692041,0.586116845075098,0.9998000399920016,,0.38099285117805964
peak37206,PARM-K562,agarwal,3.8991427421569824,7,0.46003478746419657,0.7153704128394095,0.9680748028692983,0.21163200567722854,0.5117548275660272,0.9371688239504307,0.1179835717452365,0.25489720678664557,0.22582057818050327,0.5460647158628649,0.9938012397520496,,0.10457868636595236
peak31063,PARM-K562,agarwal,3.1335232257843018,5,0.4351902168562731,0.49896027565564155,0.5919013812801383,0.18939052484741004,0.2489613566823538,0.35034724516133564,0.13888207793556331,0.2698289435404709,0.5405794607010405,0.7106131420205876,0.8282343531293741,,1.5879438161622441
peak81973,PARM-K562,agarwal,2.4972615242004395,14,0.09835734069355394,0.6403489523617095,0.5085856227542224,0.009674166468307842,0.41004678079073886,0.2586593356723002,0.03938607940754042,0.19595083237522504,0.03740118810389355,1.5852773290589206,1.0,,0.193112360913486
peak13663,PARM-K562,agarwal,4.780562877655029,21,0.11094825384524533,0.5849982295784096,0.948427148258297,0.012309515031308995,0.3422229286098737,0.8995140555533657,0.02320819884282494,0.22888191618358952,0.013684627777979958,0.38045311965619477,1.0,,0.6714515631536074
ENSG00000146833,PARM-K562,agarwal,3.692068576812744,11,0.2656794436572801,0.5419564773467308,1.0236891341665935,0.07058556678204185,0.2937168233380776,1.0479394434107496,0.07195950945381233,0.25255793845943053,0.0673565321220333,0.28028033984684414,1.0,,0.3528568784285069
peak57142,PARM-K562,agarwal,2.463257312774658,9,1.1550296921604133,0.3560067883355918,0.9433477649654428,1.334093589772179,0.12674083334102287,0.8899050056652964,0.4689033850301927,0.3190322121497738,1.4991415727286594,0.1424206320159655,0.0001999600079984003,0.0,0.5232928371454463
peak87146,PARM-K562,agarwal,1.9876012802124023,3,0.03656963663558433,0.47697071808456054,0.7802646593707862,0.0013373383236586715,0.2275010659101013,0.608812938663009,0.01839887959403828,0.3002648811653679,0.0021966325594123368,0.3736797486756897,1.0,,0.78305036690149
peak72855,PARM-K562,agarwal,2.237797260284424,7,0.2142828314266513,0.34731491360257766,0.4323324811077159,0.04591713184422266,0.12062764921076599,0.18691137422075352,0.09575614164413446,0.23392934091767953,0.2456625876068504,0.6453735077047666,0.9992001599680064,,0.9013074567805904
ENSG00000112218,PARM-K562,agarwal,3.1163978576660156,7,0.5349363850040758,1.2200402724957489,1.2243048544057655,0.2861569360012288,1.4884982665115012,1.4989223765215225,0.1716521475870572,0.2842976038228779,0.19090844228057996,0.9930455971748103,1.0,,0.9719981287423038
ENSG00000134962,PARM-K562,agarwal,2.262925863265991,9,0.19725676072629592,0.15675885120076735,0.2582317534926776,0.038910229652231156,0.024573337429784316,0.066683638511903,0.087168901079951,0.12781540695929242,0.583504897461252,0.3685062479816243,0.0655868826234753,,0.9393758642234922
peak65203,PARM-K562,agarwal,2.233504056930542,10,0.6467948407186683,0.5061788335561043,0.4955769182207786,0.4183435659802876,0.2562170115402183,0.24559648187320426,0.289587493119464,0.24071539299896452,1.7033776819175637,1.043243818421215,0.14797040591881624,,0.3525931211922931
peak24430,PARM-K562,agarwal,3.8335342407226562,11,0.08662581567905468,0.5798479482678564,0.670737848724641,0.007504031942061555,0.33622364311044256,0.44988926171175947,0.022596854557564855,0.2012518319958112,0.016679731170977204,0.7473475624449522,1.0,,0.746499850940326
peak8169,PARM-K562,agarwal,3.779122829437256,8,0.6056990771035818,0.7707544762098367,0.7819168141758707,0.3668713720041307,0.5940624625974998,0.6113939042909431,0.1602750438238007,0.2887528237303977,0.6000572943716301,0.971652576887329,0.9844031193761248,,1.3699824230619366
ENSG00000186635,PARM-K562,agarwal,5.5289459228515625,26,0.6720506761089746,0.8582994575824305,1.0802402337256247,0.45165211125852994,0.7366779588862945,1.1669189625595924,0.12155132017684185,0.3431859294018588,0.38704668083193045,0.6313017291881344,0.9438112377524495,,2.204383497750662
peak85823,PARM-K562,agarwal,1.3664424419403076,15,0.041546379454760564,0.1909040122198256,0.2479376714786619,0.0017261016457989508,0.03644434188162732,0.061473088938260874,0.03040477826183878,0.15398122673951645,0.02807898017834312,0.5928503433141188,1.0,,0.9830645110435244
peak66576,PARM-K562,agarwal,1.7731249332427979,6,0.19718388046100854,0.24097287902252804,0.2668504316563577,0.038881482713661306,0.05806792842440594,0.07120915287518444,0.11120698647014499,0.1415213019578081,0.5460180488569054,0.8154559642941903,0.7514497100579884,,0.4214345008296197
peak36427,PARM-K562,agarwal,1.8977750539779663,3,0.0026171332057739775,0.2596108756954668,0.4402061264279747,6.849386216764777e-06,0.06739780677936712,0.19378143374472204,0.0013790534343299272,0.21756491591570837,3.5345936318067575e-05,0.3478032207572249,1.0,,0.28522380795717134
peak72247,PARM-K562,agarwal,2.004746913909912,6,0.13254640724366484,0.20275062841253494,0.2209565082789646,0.017568550073203446,0.04110781732167782,0.04882177855083215,0.06611627947846843,0.11212922714629737,0.3598506771913576,0.8419975376127946,0.9798040391921615,,0.15475714143128436
peak76986,PARM-K562,agarwal,2.8389782905578613,5,0.381786397243128,0.6311778891529874,0.5951869887480803,0.14576085311988757,0.3983855277556209,0.3542475515750075,0.13448021019143006,0.2469781414403318,0.41146608486586683,1.124596418477342,0.8024395120975805,,0.7209517540811987
peak6806,PARM-K562,agarwal,3.1469485759735107,5,0.22327439299469234,0.3635262122956684,0.5920133892249004,0.04985145456714832,0.13215130702603536,0.35047985302155343,0.070949488879278,0.21240285215626878,0.14223771819512435,0.37705821286654234,0.9996000799840032,,0.6076365814230991
peak15378,PARM-K562,agarwal,2.540163516998291,3,0.07514687651825636,0.3241171949631742,0.39610586538863773,0.005647053050450068,0.10505195607079629,0.1568998565952816,0.029583479967091784,0.19117449412789647,0.03599144813125272,0.6695478144494077,1.0,,1.1820166383329298
peak42124,PARM-K562,agarwal,1.408254623413086,7,0.07799818624442804,0.28164564879967274,0.3738398945723054,0.006083717057420484,0.0793242714877886,0.1397562667738324,0.055386422986057324,0.23171136605897896,0.043530907041655346,0.5675900860757757,1.0,,0.5487147524244083
peak10332,PARM-K562,agarwal,3.9704506397247314,17,0.5193354531436799,0.5934980110729895,0.9072839037128331,0.2697093128919513,0.35223988914759435,0.8231640819363975,0.1308001283148265,0.23921263903139764,0.3276495158261663,0.4279096924625175,0.7920415916816637,,0.19581317044431032
peak39320,PARM-K562,agarwal,1.9997498989105225,5,0.046140414160582253,0.3338632791290451,0.2928673448629912,0.002128937818910059,0.11146468915079871,0.08577128168709823,0.023073092383062436,0.15268833811948737,0.024821103019966824,1.2995572289269557,1.0,,0.27888777071477877
peak8812,PARM-K562,agarwal,4.826477527618408,11,0.6181710339903359,0.7980120277472298,0.7107461117988175,0.38213542726468097,0.6368231964292455,0.5051600354371372,0.12807912819504375,0.23211335434085156,0.7564640914913279,1.260636534475999,0.978004399120176,,2.482479728117274
peak76550,PARM-K562,agarwal,3.6430599689483643,10,0.20089589288085388,0.6539989285523957,0.921887703186809,0.04035915977639552,0.42771459854768157,0.84987693728705,0.05514482182373905,0.26051678690121727,0.0474882397741357,0.503266508105301,1.0,,0.11321517628274913
HBE1_9027,PARM-K562,agarwal,1.8265047073364258,4,0.02186188431264655,0.2768335189865763,0.31100463843720894,0.0004779419856995413,0.07663679723449111,0.09672388512945905,0.011969246082331495,0.1657667361737003,0.0049413026064848925,0.7923254647176073,1.0,,0.15965548274606808
peak1565,PARM-K562,agarwal,2.701535940170288,24,0.3299240303370809,0.6483600947692708,0.37853833374456586,0.10884986579386308,0.42037081248921776,0.14329127011411233,0.12212461268099381,0.1718009152064093,0.7596405957402619,2.9336805525866905,0.9998000399920016,,1.316065807791986
LMO2_4758,PARM-K562,agarwal,1.8014293909072876,5,0.09842618932828764,0.262604880881625,0.4557026825202203,0.009687714745687925,0.06896132346285246,0.20766493485612467,0.05463782806314458,0.23025894913775138,0.046650700814751464,0.332079768356803,1.0,,0.38985601695291444
peak23031,PARM-K562,agarwal,1.9974902868270874,4,0.13661873574643268,0.3403121255214985,0.45722687771430504,0.018664678956953604,0.11581234277696012,0.20905641770437206,0.06839519403293053,0.19982220546817814,0.08928058349946204,0.5539765009306294,0.9998000399920016,,0.6357417622525419
MYC_3811,PARM-K562,agarwal,2.043285369873047,10,0.12920609776738023,0.32114177227222584,0.22510357833516378,0.01669421570027382,0.10313203789814615,0.050671620979295215,0.06323448485093791,0.12541293206480544,0.32945888403876394,2.0353017311265145,0.9976004799040192,,1.1034303260426597
BCL11A_580,PARM-K562,agarwal,1.4889110326766968,12,0.08384956559728579,0.294096326803007,0.3785339133688494,0.007030749650853534,0.08649264943902109,0.14328792357033557,0.056316034844973134,0.18285796638815896,0.04906728687014826,0.6036283259877414,1.0,,1.5353630479681575
peak21658,PARM-K562,agarwal,1.6576486825942993,7,0.09064548594553003,0.35961047539878477,0.5062095321853823,0.008216604122301283,0.12931969401654,0.25624809047534364,0.054683170745000995,0.2762068305851292,0.032065035517179354,0.5046659812240951,1.0,,0.34584574140883534
peak77222,PARM-K562,agarwal,1.7208240032196045,9,0.08777323249532773,0.30789462845059473,0.23812169881776452,0.007704140342678856,0.09479910222872977,0.05670194344785816,0.05100651335122414,0.12930315539540857,0.13587083394704824,1.671884532774523,1.0,,0.5071056385658537
peak19544,PARM-K562,agarwal,3.602949619293213,15,0.41770535822465554,0.5978432247482695,0.855730801162954,0.17447776628958783,0.3574165213774098,0.732275204058991,0.11593427673479276,0.2467260262489663,0.23826802453839765,0.4880904329359442,0.9974005198960207,,0.15729869950550252
peak55485,PARM-K562,agarwal,2.087034225463867,3,0.02402732454223747,0.31255619525603207,0.28710154686209316,0.000577312324658007,0.09769137519292684,0.08242729821060667,0.011512664358389773,0.15005705377017697,0.007003897218406208,1.185182303844529,1.0,,0.6051923027908616
HBA2_158,PARM-K562,agarwal,2.0529913902282715,10,0.05307529406483293,0.25160043920261127,0.3463380620111861,0.0028169868400684897,0.06330278100694689,0.11995005319766418,0.025852662761986306,0.16085936498105452,0.023484665199992972,0.5277428339496527,1.0,,0.2889009791541528
peak31416,PARM-K562,agarwal,5.16469669342041,20,0.10704637831054452,0.8096427562359793,0.9287756793895316,0.011458927109404216,0.6555213927253933,0.8626242626254861,0.020726556594681884,0.2542701022468558,0.01328379875906549,0.7599153201768823,1.0,,1.627932168603567
peak36632,PARM-K562,agarwal,1.4991906881332397,9,0.073885319062804,0.16223100040011526,0.21086773001795356,0.005459040373012349,0.026318897490822196,0.04446519956292455,0.049283469839853676,0.1223137562041326,0.1227710755078707,0.5918987826328594,0.9664067186562687,,1.0660693227257776
peak50953,PARM-K562,agarwal,4.85457181930542,3,0.15318052367998758,0.4100302583878071,0.4375306670652873,0.023464272834875233,0.16812481279357186,0.1914330846225953,0.03155386909115793,0.19399327931193844,0.12257166978808473,0.8782432416268325,1.0,,5.94056866237462
peak47844,PARM-K562,agarwal,2.599642753601074,3,0.02702604565608793,0.5796513151878167,0.2503690050542827,0.0007304071438049493,0.3359956471989655,0.06268463869187144,0.010396061389070071,0.103813431653488,0.011652091470053636,5.360095458961869,1.0,,0.7505802273173712
ENSG00000135924,PARM-K562,agarwal,5.558290004730225,29,0.7009348676591225,0.9348310335473874,0.8903282746194497,0.49130968870031155,0.8739090612832766,0.7926844365868464,0.12610620659638339,0.2434848335333204,0.6198048883308481,1.1024677929166473,0.9848030393921215,,2.1359349747107568
BCL11A_1604,PARM-K562,agarwal,1.536733865737915,17,0.05598655030818184,0.11883358678796711,0.18559643652375432,0.0031344938154105758,0.01412142134889331,0.03444603725031597,0.03643217056409308,0.10339687313624857,0.09099722538858439,0.4099577912627316,1.0,,1.3914972932170566
peak19130,PARM-K562,agarwal,2.2251133918762207,5,0.13075786311111956,0.4068037586164073,0.4722110745541869,0.017097618765386284,0.16548929802443615,0.22298329893161986,0.058764584127941555,0.18955309679307872,0.07667667868986656,0.7421600578040832,1.0,,0.5634506039541726
peak81776,PARM-K562,agarwal,2.505028486251831,11,0.12677311780080391,0.3183224984686886,0.503905621252589,0.016071423396936506,0.10132921303134826,0.25392087512995765,0.05060745556250708,0.18602379174985217,0.06329303720582678,0.39905822228868576,1.0,,0.4044309472600515
peak60433,PARM-K562,agarwal,1.9841934442520142,2,0.11958175753517247,0.4519296149310794,0.5737812724963951,0.014299796735200777,0.2042403768517537,0.3292249486675824,0.060267187093873034,0.26036052754767053,0.043434729940953674,0.6203672524768914,1.0,,0.38272724133416136
peak16654,PARM-K562,agarwal,3.269033908843994,10,0.7344691429038721,0.5707197703985822,0.35647522686661426,0.5394449218779486,0.3257210563238105,0.12707458736960411,0.22467467863115478,0.178030062043909,4.24510465108921,2.5632273381020796,0.09678064387122576,,3.5534089582649235
BCL11A_5963,PARM-K562,agarwal,3.0012083053588867,12,0.14422930459187483,0.39010679272184795,0.6115448666672897,0.020802092303055804,0.15218330972772684,0.3739871239471131,0.048057078988600156,0.2839443388769985,0.055622482623218616,0.40692125472546387,1.0,,1.385767820540683
ENSG00000142910,PARM-K562,agarwal,4.096327781677246,16,0.46395431665611786,0.8031868373398436,0.9666833644929669,0.21525360794384527,0.6451090956759804,0.9344767271874423,0.11326103314568035,0.26709619447948035,0.23034667603944356,0.6903426023434621,0.9994001199760048,,0.49353778807198595
ENSG00000186818,PARM-K562,agarwal,2.2269301414489746,13,0.15695420486953612,0.2129702462605647,0.2937604923229003,0.02463462242622832,0.04535632579228558,0.08629522684979275,0.07048007566479489,0.13197599720975361,0.28546911950423226,0.525594838185358,0.7750449910017997,,0.003632608483655596
ENSG00000168374,PARM-K562,agarwal,2.9625682830810547,5,0.1601200133644144,0.4762659468842791,0.6848015047289429,0.025638418679820245,0.22682925216157893,0.4689531008790243,0.05404770390571064,0.20456209404309775,0.05467160496809292,0.4836928292752541,1.0,,0.5623204027911888
