head,val_r,test_r,test_rho,test_r2,n_params,perm_invariant,model,dataset
mean_linear,0.45149385929107666,0.31111371517181396,0.28215118639052517,0.05958080291748047,2305,True,dnabert2,agarwal
mean_mlp,0.47478434443473816,0.3497426509857178,0.28642233332270556,0.07514995336532593,231425,True,dnabert2,agarwal
attn_pos,0.3918621242046356,0.31435251235961914,0.29297638222071465,-0.023355484008789062,264706,False,dnabert2,agarwal
cnn1d,0.4794980585575104,0.3401234745979309,0.3089469537262473,0.09863591194152832,777985,False,dnabert2,agarwal
transformer,0.39250442385673523,0.22210505604743958,0.19023374749534158,-0.13698959350585938,743617,False,dnabert2,agarwal
mean_linear,0.14280804991722107,0.19209489226341248,0.1744210541400361,0.03151226043701172,2305,True,dnabert2,inoue
mean_mlp,0.20195049047470093,0.23449991643428802,0.2138734439635818,0.0015422701835632324,231425,True,dnabert2,inoue
attn_pos,0.2532891631126404,0.1602296084165573,0.12842901225722012,-0.09977829456329346,264706,False,dnabert2,inoue
cnn1d,0.25626328587532043,0.2454400509595871,0.17348671577197558,0.034873127937316895,777985,False,dnabert2,inoue
transformer,0.28646525740623474,0.06551726907491684,0.08048541648753738,-0.1740741729736328,743617,False,dnabert2,inoue
mean_linear,0.570902943611145,0.5674512386322021,0.5788738775748618,0.3098083734512329,2305,True,dnabert2,jores
mean_mlp,0.5815744400024414,0.5887888073921204,0.6039294677197143,0.3211585283279419,231425,True,dnabert2,jores
attn_pos,0.6038461923599243,0.5806039571762085,0.595129466047178,0.29328012466430664,264706,False,dnabert2,jores
cnn1d,0.6101948618888855,0.599102795124054,0.6120289952381498,0.330672025680542,777985,False,dnabert2,jores
transformer,0.6095772981643677,0.582210898399353,0.5860118673565463,0.30540817975997925,743617,False,dnabert2,jores
mean_linear,0.3356144428253174,0.2536822557449341,0.2318886860875351,0.02359992265701294,2305,True,dnabert2,klein
mean_mlp,0.3510580062866211,0.2712738513946533,0.2590589849779958,0.040063321590423584,231425,True,dnabert2,klein
attn_pos,0.33716896176338196,0.23275485634803772,0.21517275971388353,0.028283357620239258,264706,False,dnabert2,klein
cnn1d,0.3810281753540039,0.2634018063545227,0.23740071342329364,-0.0692521333694458,777985,False,dnabert2,klein
transformer,0.3506583571434021,0.29353588819503784,0.29168611293330077,-0.006801128387451172,743617,False,dnabert2,klein
mean_linear,0.528297483921051,0.5032069683074951,0.5293260426974122,0.23446619510650635,2305,True,dnabert2,vaishnav
mean_mlp,0.5342140197753906,0.5179094672203064,0.536532301387526,0.26715344190597534,231425,True,dnabert2,vaishnav
attn_pos,0.5273544788360596,0.5135148763656616,0.5311249533002809,0.24330610036849976,264706,False,dnabert2,vaishnav
cnn1d,0.5216305255889893,0.5079671144485474,0.5289588192067642,0.2523043751716614,777985,False,dnabert2,vaishnav
transformer,0.5272705554962158,0.49556732177734375,0.5016105016800064,0.1322612166404724,743617,False,dnabert2,vaishnav
mean_linear,0.27380311489105225,0.2371295541524887,0.23787330464433704,0.05520927906036377,769,True,hyenadna,agarwal
mean_mlp,0.2757800221443176,0.2246016561985016,0.2237383020317231,0.048570990562438965,99329,True,hyenadna,agarwal
attn_pos,0.2943233847618103,0.2618214190006256,0.2666510307028658,0.014667630195617676,132610,False,hyenadna,agarwal
cnn1d,0.4550850987434387,0.42104583978652954,0.38662189808864866,0.16133785247802734,678657,False,hyenadna,agarwal
transformer,0.2950518727302551,0.2355414479970932,0.24502633868521562,0.052210211753845215,644289,False,hyenadna,agarwal
mean_linear,0.1697145700454712,0.23014190793037415,0.14350620503854863,0.03867870569229126,769,True,hyenadna,inoue
mean_mlp,0.16232360899448395,0.2508097290992737,0.16876606192618918,0.05111885070800781,99329,True,hyenadna,inoue
attn_pos,0.15785649418830872,0.23255041241645813,0.21203987656797837,0.04437476396560669,132610,False,hyenadna,inoue
cnn1d,0.2258012443780899,0.32571256160736084,0.2588138775042274,0.08469325304031372,678657,False,hyenadna,inoue
transformer,0.19830867648124695,0.06422899663448334,0.025217343536537595,-0.022553563117980957,644289,False,hyenadna,inoue
mean_linear,0.5298112034797668,0.5226589441299438,0.5449309327108048,0.2713860273361206,769,True,hyenadna,jores
mean_mlp,0.5328114032745361,0.5326621532440186,0.5539912015201082,0.2814371585845947,99329,True,hyenadna,jores
attn_pos,0.602423906326294,0.5946530103683472,0.6076319028515794,0.3439639210700989,132610,False,hyenadna,jores
cnn1d,0.6654582023620605,0.64166659116745,0.6408666366586719,0.2738504409790039,678657,False,hyenadna,jores
transformer,0.6150771379470825,0.6119555830955505,0.6273696807246145,0.3308687210083008,644289,False,hyenadna,jores
mean_linear,0.37161481380462646,0.22265654802322388,0.23085386850319306,0.03725743293762207,769,True,hyenadna,klein
mean_mlp,0.3588213324546814,0.20809020102024078,0.22718753335113184,0.03326457738876343,99329,True,hyenadna,klein
attn_pos,0.38079461455345154,0.2584537863731384,0.24143978689932794,0.056326091289520264,132610,False,hyenadna,klein
cnn1d,0.3955443501472473,0.31560003757476807,0.3009006242887574,-0.16782712936401367,678657,False,hyenadna,klein
transformer,0.38881537318229675,0.24213209748268127,0.23071002300915283,0.048767685890197754,644289,False,hyenadna,klein
mean_linear,0.44929254055023193,0.4536517858505249,0.47458759803110817,0.1967463493347168,769,True,hyenadna,vaishnav
mean_mlp,0.4800684154033661,0.4822239577770233,0.5011920065510442,0.22269928455352783,99329,True,hyenadna,vaishnav
attn_pos,0.5577338337898254,0.5613681077957153,0.5798820155807844,0.30658262968063354,132610,False,hyenadna,vaishnav
cnn1d,0.5983215570449829,0.5972881317138672,0.6260952749989452,0.2031996250152588,678657,False,hyenadna,vaishnav
transformer,0.5416195392608643,0.5451356172561646,0.5622464102557267,0.2964928150177002,644289,False,hyenadna,vaishnav
mean_linear,0.3716932237148285,0.2900784909725189,0.2891005717406271,0.061832964420318604,3073,True,nt,agarwal
mean_mlp,0.37493255734443665,0.33184924721717834,0.3192268108177582,0.08073186874389648,297473,True,nt,agarwal
attn_pos,0.3927558660507202,0.34391868114471436,0.31564808934539695,0.08140957355499268,330754,False,nt,agarwal
cnn1d,0.4084208309650421,0.32317212224006653,0.30092138339239116,0.09386336803436279,827649,False,nt,agarwal
transformer,0.40307143330574036,0.33354541659355164,0.297613852173241,0.03942513465881348,793281,False,nt,agarwal
mean_linear,0.16819417476654053,0.22509485483169556,0.18432594842987207,0.02837204933166504,3073,True,nt,inoue
mean_mlp,0.21735838055610657,0.27940261363983154,0.24897824653922215,-0.0032979249954223633,297473,True,nt,inoue
attn_pos,0.15579187870025635,0.19087153673171997,0.18723476923370877,0.028095781803131104,330754,False,nt,inoue
cnn1d,0.20080804824829102,0.21980775892734528,0.23629899783134142,0.030024349689483643,827649,False,nt,inoue
transformer,0.15839387476444244,0.22122272849082947,0.15955977186093834,-0.19600427150726318,793281,False,nt,inoue
mean_linear,0.5599081516265869,0.5590784549713135,0.5846915734162466,0.3103070855140686,3073,True,nt,jores
mean_mlp,0.5757204294204712,0.5704326629638672,0.5875781492967107,0.3166261911392212,297473,True,nt,jores
attn_pos,0.5849865078926086,0.5974105596542358,0.6062377101111351,0.3486114740371704,330754,False,nt,jores
cnn1d,0.6272194385528564,0.603161096572876,0.6147654979586596,0.3578410744667053,827649,False,nt,jores
transformer,0.6101248264312744,0.5999733209609985,0.6099220118769142,0.25159382820129395,793281,False,nt,jores
mean_linear,0.3865808844566345,0.19662420451641083,0.16534792047683797,-0.027686476707458496,3073,True,nt,klein
mean_mlp,0.38582438230514526,0.25399619340896606,0.20901995245055444,0.018815577030181885,297473,True,nt,klein
attn_pos,0.36019667983055115,0.2507931888103485,0.2617029521557311,-0.1842355728149414,330754,False,nt,klein
cnn1d,0.43397119641304016,0.2545504570007324,0.21687685633306153,0.04012715816497803,827649,False,nt,klein
transformer,0.4377490282058716,0.18108269572257996,0.20487993213667954,-0.2817193269729614,793281,False,nt,klein
mean_linear,0.5035724639892578,0.5242694616317749,0.5649718013579348,0.27412575483322144,3073,True,nt,vaishnav
mean_mlp,0.5358102321624756,0.5556237697601318,0.5720680925013922,0.3070392608642578,297473,True,nt,vaishnav
attn_pos,0.5248826742172241,0.536096453666687,0.5643039305562393,0.2799863815307617,330754,False,nt,vaishnav
cnn1d,0.5507876873016357,0.5331039428710938,0.5621972333730637,-0.27313387393951416,827649,False,nt,vaishnav
transformer,0.5446740388870239,0.5274393558502197,0.552735763599133,0.26347124576568604,793281,False,nt,vaishnav
