seq_id,z_census,z_at_100_mean,z_at_100_sd,z_at_100_max,z_at_100_min,z_big,p_parametric,p_empirical,p_gpd,n_exceed,shuffle_skew,shuffle_kurtosis,shapiro_W,shapiro_p
LMO2_367,7.571699971457982,1.8439463730637304,0.16274871016238945,2.1207962244841743,1.6121876647358537,1.8296874302748736,0.06729669154872941,0.06793206793206794,0.06473117485287527,67,-0.029337284700295542,0.03408146239733778,0.9990321925387238,0.8892440453006489
peak66332,5.2760456959089534,3.702429170644532,0.2678691150982054,4.06941365447491,3.2596553221795572,3.677372134562514,0.0002356491336767963,0.000999000999000999,0.0,0,0.00010861510754512042,0.1067380921895662,0.9985224939689151,0.5693817819755003
ENSG00000134962,4.250211638530864,1.8560860276906823,0.14724594233846544,2.0694647910296844,1.6202938609481696,1.8453238934814462,0.06499043677256666,0.06993006993006994,0.06414653642827807,69,0.060234422457596914,0.2886631502744774,0.998566869891265,0.5988292289739352
peak50246,3.9680511667287086,3.4489990604885903,0.356366137665828,4.027981461761263,3.0595376560745513,3.4166863102496023,0.0006338827343062015,0.000999000999000999,8.912214230505738e-05,0,0.23445193889199412,-0.17793677387255213,0.9948826417275591,0.0018562440475572545
peak20886,3.965085886208692,2.8948369199625756,0.24090622353755237,3.2518186708654935,2.5287140871557443,2.871568456419654,0.004084403069915865,0.004995004995004995,0.0030763051210796616,4,0.14162896796069996,-0.09354865468868923,0.9975558645133286,0.14193417820585125
peak1338,3.880783837219524,2.849056944293098,0.23861314163966002,3.1573235254283647,2.4516157575146633,2.802078252643394,0.005077455608784254,0.004995004995004995,0.0041926453427768105,4,0.003981237609534053,0.008743768963437759,0.9983225307221054,0.4445144454142431
MYC_2830,3.707902996012446,3.0436657623365893,0.27486911677959625,3.5081004362255337,2.7040729975898077,3.013484649924781,0.0025826610609704925,0.004995004995004995,0.0027845221419569937,4,-0.024226213204620126,0.0487336180004978,0.9990746462674309,0.9088329381818436
LMO2_4938,3.6106844084106244,1.979265329542417,0.16684300307840794,2.317130738379168,1.8173257700480296,1.9663255029647615,0.04926102270903643,0.05194805194805195,0.05163869008548921,51,-0.05647236520850591,0.0317872361720859,0.9988134944034226,0.7636169036791869
RBM38_9083,3.56168495513441,1.8436763781245147,0.20218190794766108,2.1637524743341334,1.5651610267940188,1.8235574602046867,0.06821900272992254,0.06593406593406594,0.06831384828890671,65,0.012078102315344577,0.06625135276452676,0.9990052910008694,0.875877288692107
peak23726,3.509668367749449,2.4178538865498256,0.17113911813158575,2.726086074341185,2.2172779817279,2.406865700411672,0.01609008561693681,0.015984015984015984,0.018700253018166423,15,-0.15829628215678712,0.09355704883601712,0.997643396690792,0.16320899363928493
peak28014,3.443591138441312,2.506324647947366,0.12022088610343942,2.641662357717035,2.290401575726997,2.5013719177302627,0.01237131827751936,0.011988011988011988,0.0108769617737513,11,-0.028233431406930454,-0.1359140355764148,0.9988988827333866,0.816721710071337
peak64837,3.402331776483147,1.700724259949131,0.1423536481975657,1.9190557380174005,1.4976079509423978,1.6931312949659298,0.09043047861477183,0.0969030969030969,0.09663155515495024,96,0.1327747630500361,-0.013288010034404607,0.9979109478309544,0.24732896237518343
ENSG00000108370,3.3836003485401016,3.3324539496929453,0.3154004032465764,3.8990083973089935,2.987159044639107,3.301267063697214,0.0009624921902349204,0.002997002997002997,0.0011258711883150774,2,-0.07378821896904142,0.13205868571729074,0.9984136109902779,0.49948743013211605
peak85980,3.3827402929954826,2.4605808508403997,0.18696135372605788,2.7061499315436675,2.1436434003055416,2.4451844980959923,0.014477805830034773,0.015984015984015984,0.015758176236617714,15,0.10226757727054145,0.3675519277191883,0.9964405646389413,0.022611122433627284
peak4566,3.3015818704001467,0.939569771223699,0.12690335300690128,1.074732669927455,0.6589702657104027,0.9313471544775894,0.3516740172788291,0.35664335664335667,0.356,356,-0.06663655728836285,-0.12784083137288738,0.9990984506429307,0.9189646752401082
RBM38_1543,3.2754972100218134,1.7742939984943242,0.1680675490633072,1.953803135230567,1.5221505565277254,1.7565493185465861,0.07899465807672446,0.07892107892107893,0.07914648807412741,78,-0.04396056099029314,-0.041639150938100666,0.9986109238770038,0.6284068441527577
peak37085,3.2572812943857845,0.31801596935715915,0.08011446977611356,0.4206153453932011,0.17486643018914477,0.31752950657967977,0.750841853956649,0.7522477522477522,0.752,752,0.03882222938863093,0.03593701577770503,0.9987792054513368,0.741324412610818
peak30007,3.2402519990370675,3.5787627726249562,0.09810565987731479,3.731637499171505,3.395346618095332,3.567160986145444,0.0003608697969397223,0.000999000999000999,0.0012550718224063377,0,0.07027342627328631,0.11802006161953038,0.9984857595282283,0.5453745723899903
peak40634,3.224129880556754,2.1949362743562877,0.274024488248108,2.784053954408872,1.8719229811505491,2.166508481024007,0.03027235248367144,0.03496503496503497,0.03204189020522651,34,0.12863625104657628,0.0606669072674304,0.9981530225477752,0.3527436818216101
peak29802,3.215976767141967,2.4425478248355446,0.15405738421094023,2.7555259095427207,2.258375407188856,2.434001739969592,0.014932923305177592,0.02097902097902098,0.019727459177501523,20,-0.049528337638851845,0.36114034031771336,0.9976430368223941,0.16311580725114555
peak55041,0.9025009314954997,1.2971248615105293,0.16144845406607322,1.682246020917052,1.0941289326180899,1.2829855484775579,0.19949713914792921,0.1938061938061938,0.193,193,0.08039686296255781,0.7149228187791477,0.9958914177462829,0.009189614802809795
peak56989,0.9014113304094579,0.15004655124055544,0.08191147708363117,0.2606686558825731,0.04588667010737627,0.14812246392497302,0.8822461213472126,0.8921078921078921,0.892,892,0.13828326948017203,-0.2251902967289583,0.9973607562223339,0.10349938384889068
peak70741,0.8978749451699221,0.32779237307756365,0.1348002958507503,0.6228752560922566,0.16886782026577116,0.3239056722220309,0.7460094494960026,0.7492507492507493,0.749,749,0.18110627317067796,0.26255742796979487,0.9968532318614368,0.044808429569247216
HBE1_992,0.8965230102864363,0.8206647645482867,0.11832617195300203,1.0548904221617517,0.6881448825303723,0.8147810886249021,0.41519762780811154,0.4245754245754246,0.424,424,-0.08432883972985274,0.1346645005233853,0.9982718030357929,0.4155420064336043
peak19544,0.8789937916322219,0.22185551570044484,0.09198703977092618,0.33892965934652886,0.008722163302868976,0.22152040889217997,0.8246872472981854,0.8041958041958042,0.804,804,0.09499068235391574,-0.0809915181451859,0.9983033059223897,0.4333888210460365
peak87146,0.8783245408427406,0.5033509600775739,0.07944167793837559,0.5714852286333577,0.32113823029472477,0.5022157728465794,0.6155157490846124,0.6063936063936064,0.606,606,-0.13451750622240466,0.056528916421299424,0.9981138466875998,0.33363380407139914
peak19255,0.8726063025137808,0.12212067118841921,0.09717448184447423,0.3021182715539921,0.009329128423352118,0.07761782899539103,0.9381320596792262,0.951048951048951,0.951,951,0.0695338153033102,0.04783364559551728,0.9984120713337417,0.49852905373082373
peak68821,0.8626499227171158,0.23944508211700305,0.0902354752665664,0.37683717955936535,0.07849726023632835,0.23609098495570666,0.8133620691906338,0.8181818181818182,0.818,818,0.047434324949755476,0.11854435070187286,0.997965807528738,0.26861146950363746
ENSG00000108010,0.8562968733729823,0.5169709046243502,0.1144687979251163,0.7931471925771744,0.3781137659137412,0.5082173391834732,0.6113009322423784,0.6223776223776224,0.622,622,0.11668048130387626,0.02941611747365691,0.9983985453160383,0.49015032383808005
ENSG00000102452,0.8551916625073259,0.721424860484105,0.12442173409265199,0.9166675009378362,0.49594094442041536,0.7177557502171619,0.472907901637315,0.4675324675324675,0.467,467,-0.06211702625810571,0.1751746431210024,0.998785465113806,0.7454258512638949
peak8169,0.8478161819756073,0.741290267607911,0.1192592896204682,0.9029847501071626,0.5498893772477005,0.7356300542995472,0.4619558671887485,0.4785214785214785,0.478,478,-0.045872361346343316,-0.231944189248376,0.9984640182381073,0.5313565156941634
peak59037,0.847335871889525,0.7786026309898848,0.09433743828478909,0.9503343837268801,0.6516105035469502,0.7769415042933558,0.43719328278416736,0.4165834165834166,0.416,416,-0.01693163784317428,0.19776598156226033,0.9982470035539341,0.40183691251486586
ENSG00000168374,0.8432859779222751,0.6843516300681796,0.1489266702395253,0.9217530716528074,0.4874826320292125,0.6690291686105472,0.503476871452472,0.4985014985014985,0.498,498,0.11135223551568466,-0.00777598632632337,0.9974086363430718,0.11189299300804179
peak67514,0.8367345584116543,0.2094426068813061,0.05322406360713018,0.2871401750704029,0.1118382327382186,0.2100300509030139,0.8336442188674953,0.8251748251748252,0.825,825,-0.08427504097640469,0.036981257703401216,0.9984847117210031,0.5446955386621959
peak47829,0.8363722798097536,1.3653378872816533,0.15538378829799548,1.6001177116010978,1.1007430055856047,1.3488200063029747,0.17739478705348666,0.17782217782217782,0.177,177,0.03204401109567981,0.0004822242359119322,0.9991392596342676,0.9348415776945899
peak48943,0.8287140111068455,0.9830092345521209,0.13041348452123436,1.1552192893922457,0.832070210495219,0.9763919825269112,0.32887025306023254,0.31868131868131866,0.318,318,-0.03812212460229499,0.11173888071315874,0.9989692452709658,0.8568944262373799
peak37570,0.8274236184494532,0.3568490038195087,0.09945044444302968,0.5763502571235527,0.22110676276941238,0.3567770554265204,0.7212587144632812,0.7292707292707292,0.729,729,0.02381872751589336,-0.28069656797688447,0.9979658568668232,0.26863127871898484
peak85493,0.8132186969245813,0.3357995732524113,0.10313809152890403,0.4795532086318755,0.19182189738580807,0.33496532964174913,0.7376512398227728,0.7362637362637363,0.736,736,0.021467164744344992,0.1744458137479037,0.9987112462184385,0.6961211990488148
peak32458,0.8125934209242562,1.14959292966463,0.06253656547669585,1.2790816868536727,1.0911890597203684,1.151243879385979,0.24963191789943506,0.34665334665334663,0.346,346,-0.005643379995503278,-1.5083709194206287,0.9039679644557548,1.456363850707444e-24
peak76295,0.8097062239310301,1.1100647192750857,0.12189011171349437,1.298188196701593,0.9283936003899386,1.1026188612721959,0.2701927158955364,0.27672327672327673,0.276,276,0.008335673762543763,-0.06101961487483365,0.9987138855462775,0.6978942728457034
peak51034,0.05822799637986189,0.4872654151579254,0.11184957150671769,0.6726186758770065,0.36318711587700164,0.4813418562268467,0.6302735534570034,0.6263736263736264,0.626,626,0.02414177750701298,0.0812169787277166,0.9993535135482077,0.9868483839351411
peak17875,0.05741271158470202,0.32674234336095564,0.09283923164585005,0.47197944514482626,0.1531948570531802,0.32238163116156565,0.7471635982356988,0.7342657342657343,0.734,734,0.007676818473610652,0.16481252168592997,0.9989050272852618,0.820376277581794
peak62105,0.057088030050908886,1.1241557202244694,0.08446963028005398,1.2213193402798965,0.9543947619610001,1.1183079060160888,0.26343551147799316,0.25874125874125875,0.258,258,-0.0472054939970507,0.22731901921988085,0.997975446255285,0.27250451185726016
peak30148,0.05443652971976123,1.0515291287457926,0.10666944869365198,1.2279067702441107,0.9033361783612346,1.0433930113470178,0.2967663089624091,0.3006993006993007,0.3,300,0.061339327986117194,-0.19865226332642605,0.9983429263345674,0.4565065080476314
ENSG00000090512,0.05183913039459454,1.3940479378264112,0.11411754471174784,1.5905490720548299,1.2112738565204748,1.3908064710680443,0.1642841202976273,0.15684315684315683,0.156,156,0.025572019453059834,-0.12826172036291794,0.9987892792769598,0.747918431597288
peak23663,0.04870827445046165,0.0656928367478111,0.061267168406164696,0.1673271124894943,0.001817383361189125,0.03851825686524954,0.9692744754113694,0.9660339660339661,0.966,966,-0.0008387392817641787,-0.10882039542069988,0.9989506252908062,0.8466413530461122
peak7405,0.04125644285750038,1.138434382982084,0.1435662860628864,1.4416215331823115,0.9471025962624249,1.1275803537075841,0.2594971876355685,0.2627372627372627,0.262,262,-0.003393682554549024,0.05159157014061844,0.9984170637271073,0.5016400132733521
ENSG00000166803,0.04088738894968733,0.8881854247956674,0.13625404349006895,1.0257655206486538,0.6376035195952657,0.8817412251283336,0.37791676202866187,0.37962037962037964,0.379,379,0.09247194464780327,0.0015952891866617414,0.998203492289516,0.37854200686945744
peak59431,0.029893150116810027,0.5975652111756564,0.09580497810980912,0.7021502125088195,0.4099751843625986,0.5947004386088669,0.5520437286028166,0.5504495504495505,0.55,550,0.05069026721658104,-0.05191889592416654,0.9988404605807703,0.7808058007738907
BCL11A_580,0.028165900722676013,0.40622384277189694,0.15087542085141364,0.6671623275118092,0.19477339292382395,0.3983224224723563,0.6903925342793085,0.7002997002997003,0.7,700,-0.040582285110627475,-0.1419985650521105,0.9984413874679763,0.516933797644093
peak34010,0.02763440782377681,0.647329105519053,0.11390299558694315,0.8009159252377926,0.4758334214547319,0.643709931484022,0.5197635485636989,0.5324675324675324,0.532,532,-0.06877858772858708,0.05333192242555329,0.998287322398233,0.42427353820867864
peak1565,0.02505747999953034,0.5114936095168889,0.07764419467328859,0.6565022897870031,0.38751482562689954,0.508012114735243,0.6114448472078793,0.6263736263736264,0.626,626,0.0642219199271187,-0.13299714026071108,0.9983656111645693,0.47006626396957674
peak86119,0.024146964755018468,0.1473154248239859,0.09032258358263544,0.28408205829957844,0.01600761576278449,0.1379533285779164,0.8902773031720563,0.8981018981018981,0.898,898,0.09560138600973077,0.01457751059145318,0.9978797512831173,0.23587734924998466
peak42124,0.01667754909141816,0.10474793231911168,0.06979400548812566,0.20861435454702118,0.0005516939766828611,0.050234385780812484,0.9599356102435903,0.9590409590409591,0.959,959,0.0071188986405277405,0.060028453589720865,0.9978774262566743,0.23504240007543414
peak49377,0.01527872205849737,0.5469966494976466,0.07054309467696622,0.6739157875873645,0.4311673902197308,0.5471098242483959,0.584303283234034,0.5764235764235764,0.576,576,0.062123738429192374,-0.14685381013030208,0.9987955253913016,0.7519891534455465
peak77222,0.014077635420240844,0.7793978225935213,0.13823416573874595,1.087835896054756,0.6263805442122756,0.771833489545597,0.44021305390225285,0.43956043956043955,0.439,439,0.046270207823596365,-0.05010957227143953,0.9985596644183977,0.5940199575181884
peak32142,0.012962280105663389,0.15460297649257054,0.10194113936680951,0.3186634706740212,0.0020069168600453033,0.14173764739562564,0.88728723680394,0.8971028971028971,0.897,897,0.14871528942274326,-0.02891029863274852,0.9967656929664636,0.038750625503480796
peak18707,0.012212384670727239,0.9792930038221096,0.12877862050651148,1.171990168583091,0.8361479136413129,0.9732799394227677,0.33041418984624515,0.3386613386613387,0.338,338,0.05079314211116887,-0.2526624786776792,0.9980850503025153,0.3200984666802862
peak31979,0.009680299990068404,0.43573887351585083,0.1087160353067452,0.6369341581159039,0.19997178737696428,0.4321450287338369,0.6656360095231706,0.6683316683316683,0.668,668,-0.07810877559272474,0.5145767221518271,0.9966746075551277,0.03331589126496822
peak15627,0.0017367659449837914,1.4179660641098337,0.10127041876591894,1.5774578903110126,1.2387799972547187,1.4138885275058704,0.15739463494501038,0.16783216783216784,0.167,167,0.09508249969596574,-0.12323059273418524,0.998293011962433,0.4275040936363413
